nombre,direccion,id,horas
Ariel,las heras 10,0,200
Juan,Tres Arroyo 100,1,150
Trevor,Sobremonte 200,2,100
Bruno,Hernandez 300,3,89
Lucila,chaca 34,4,100
Marcos,Juncal 34,5,120
Tito,Marcos Sastre 23,6,130
Maria,Calle 12 2233,7,144
Celeste,Av. Libertador 232,8,233
Hugo,Mitre 3222,9,134
Luis,Av Brandsen 2322,10,212
Luis Miguel,Mexico 80,11,145
El chavo,Barril 8,12,82
Mr. T.,EEUU 1981,13,134
Sr. barriga,Barriga 55,14,239
